{"sav_qList":[{"id":149,"scores":0.029999999329447748,"isCorrect":false}],"sav_gTimes":2.531585931777954,"sav_scorer":0.0,"sav_register":149}