{"sav_qList":[{"id":151,"scores":0.029999999329447748,"isCorrect":false},{"id":151,"scores":0.029999999329447748,"isCorrect":false},{"id":151,"scores":0.029999999329447748,"isCorrect":false}],"sav_gTimes":53.91236877441406,"sav_scorer":0.0,"sav_register":151}