{"sav_qList":[{"id":999,"scores":0.029999999329447748,"isCorrect":false},{"id":999,"scores":0.029999999329447748,"isCorrect":false}],"sav_gTimes":21.44645881652832,"sav_scorer":0.33000001311302187,"sav_register":999}