{"sav_qList":[{"id":999,"scores":0.029999999329447748,"isCorrect":false}],"sav_gTimes":5.192132472991943,"sav_scorer":0.0,"sav_register":999}