{"sav_qList":[{"id":999,"scores":0.029999999329447748,"isCorrect":false}],"sav_gTimes":3.8919875621795656,"sav_scorer":0.0,"sav_register":999}